openpai-001,10.0.0.1
openpai-002,10.0.0.2
openpai-003,10.0.0.3
openpai-004,10.0.0.4
openpai-005,10.0.0.5
openpai-006,10.0.0.6
openpai-007,10.0.0.7
openpai-008,10.0.0.8
openpai-009,10.0.0.9
openpai-010,10.0.0.10
openpai-011,10.0.0.11
openpai-012,10.0.0.12
openpai-013,10.0.0.13
openpai-014,10.0.0.14
openpai-015,10.0.0.15
openpai-016,10.0.0.16
openpai-017,10.0.0.17
openpai-018,10.0.0.18
openpai-019,10.0.0.19
openpai-020,10.0.0.20
openpai-021,10.0.0.21
openpai-022,10.0.0.22
openpai-023,10.0.0.23
openpai-024,10.0.0.24
openpai-025,10.0.0.25
openpai-026,10.0.0.26
openpai-027,10.0.0.27
openpai-028,10.0.0.28
openpai-029,10.0.0.29
openpai-030,10.0.0.30
openpai-031,10.0.0.31
openpai-032,10.0.0.32
openpai-033,10.0.0.33
openpai-034,10.0.0.34
openpai-035,10.0.0.35
openpai-036,10.0.0.36
openpai-037,10.0.0.37
openpai-038,10.0.0.38
openpai-039,10.0.0.39
openpai-040,10.0.0.40
openpai-041,10.0.0.41
openpai-042,10.0.0.42
openpai-043,10.0.0.43
openpai-044,10.0.0.44
openpai-045,10.0.0.45
openpai-046,10.0.0.46
openpai-047,10.0.0.47
openpai-048,10.0.0.48
openpai-049,10.0.0.49
openpai-050,10.0.0.50
openpai-051,10.0.0.51
openpai-052,10.0.0.52
openpai-053,10.0.0.53
openpai-054,10.0.0.54
openpai-055,10.0.0.55
openpai-056,10.0.0.56
openpai-057,10.0.0.57
openpai-058,10.0.0.58
openpai-059,10.0.0.59
openpai-060,10.0.0.60
openpai-061,10.0.0.61
openpai-062,10.0.0.62
openpai-063,10.0.0.63
openpai-064,10.0.0.64
openpai-065,10.0.0.65
openpai-066,10.0.0.66
openpai-067,10.0.0.67
openpai-068,10.0.0.68
openpai-069,10.0.0.69
openpai-070,10.0.0.70
openpai-071,10.0.0.71
openpai-072,10.0.0.72
openpai-073,10.0.0.73
openpai-074,10.0.0.74
openpai-075,10.0.0.75
openpai-076,10.0.0.76
openpai-077,10.0.0.77
openpai-078,10.0.0.78
openpai-079,10.0.0.79
openpai-080,10.0.0.80
openpai-081,10.0.0.81
openpai-082,10.0.0.82
openpai-083,10.0.0.83
openpai-084,10.0.0.84
openpai-085,10.0.0.85
openpai-086,10.0.0.86
openpai-087,10.0.0.87
openpai-088,10.0.0.88
openpai-089,10.0.0.89
openpai-090,10.0.0.90
openpai-091,10.0.0.91
openpai-092,10.0.0.92
openpai-093,10.0.0.93
openpai-094,10.0.0.94
openpai-095,10.0.0.95
openpai-096,10.0.0.96
openpai-097,10.0.0.97
openpai-098,10.0.0.98
openpai-099,10.0.0.99
openpai-100,10.0.0.100
openpai-101,10.0.0.101
openpai-102,10.0.0.102
openpai-103,10.0.0.103
openpai-104,10.0.0.104
openpai-105,10.0.0.105
openpai-106,10.0.0.106
openpai-107,10.0.0.107
openpai-108,10.0.0.108
openpai-109,10.0.0.109
openpai-110,10.0.0.110
openpai-111,10.0.0.111
openpai-112,10.0.0.112
openpai-113,10.0.0.113
openpai-114,10.0.0.114
openpai-115,10.0.0.115
openpai-116,10.0.0.116
openpai-117,10.0.0.117
openpai-118,10.0.0.118
openpai-119,10.0.0.119
openpai-120,10.0.0.120
openpai-121,10.0.0.121
openpai-122,10.0.0.122
openpai-123,10.0.0.123
openpai-124,10.0.0.124
openpai-125,10.0.0.125
openpai-126,10.0.0.126
openpai-127,10.0.0.127
openpai-128,10.0.0.128
openpai-129,10.0.0.129
openpai-130,10.0.0.130
openpai-131,10.0.0.131
openpai-132,10.0.0.132
openpai-133,10.0.0.133
openpai-134,10.0.0.134
openpai-135,10.0.0.135
openpai-136,10.0.0.136
openpai-137,10.0.0.137
openpai-138,10.0.0.138
openpai-139,10.0.0.139
openpai-140,10.0.0.140
openpai-141,10.0.0.141
openpai-142,10.0.0.142
openpai-143,10.0.0.143
openpai-144,10.0.0.144
openpai-145,10.0.0.145
openpai-146,10.0.0.146
openpai-147,10.0.0.147
openpai-148,10.0.0.148
openpai-149,10.0.0.149
openpai-150,10.0.0.150
openpai-151,10.0.0.151
openpai-152,10.0.0.152
openpai-153,10.0.0.153
openpai-154,10.0.0.154
openpai-155,10.0.0.155
openpai-156,10.0.0.156
openpai-157,10.0.0.157
openpai-158,10.0.0.158
openpai-159,10.0.0.159
openpai-160,10.0.0.160
openpai-161,10.0.0.161
openpai-162,10.0.0.162
openpai-163,10.0.0.163
openpai-164,10.0.0.164
openpai-165,10.0.0.165
openpai-166,10.0.0.166
openpai-167,10.0.0.167
openpai-168,10.0.0.168
openpai-169,10.0.0.169
openpai-170,10.0.0.170
openpai-171,10.0.0.171
openpai-172,10.0.0.172
openpai-173,10.0.0.173
openpai-174,10.0.0.174
openpai-175,10.0.0.175
openpai-176,10.0.0.176
openpai-177,10.0.0.177
openpai-178,10.0.0.178
openpai-179,10.0.0.179
openpai-180,10.0.0.180
openpai-181,10.0.0.181
openpai-182,10.0.0.182
openpai-183,10.0.0.183
openpai-184,10.0.0.184
openpai-185,10.0.0.185
openpai-186,10.0.0.186
openpai-187,10.0.0.187
openpai-188,10.0.0.188
openpai-189,10.0.0.189
openpai-190,10.0.0.190
openpai-191,10.0.0.191
openpai-192,10.0.0.192
openpai-193,10.0.0.193
openpai-194,10.0.0.194
openpai-195,10.0.0.195
openpai-196,10.0.0.196
openpai-197,10.0.0.197
openpai-198,10.0.0.198
openpai-199,10.0.0.199
openpai-200,10.0.0.200
openpai-201,10.0.0.201
openpai-202,10.0.0.202
openpai-203,10.0.0.203
openpai-204,10.0.0.204
openpai-205,10.0.0.205
openpai-206,10.0.0.206
openpai-207,10.0.0.207
openpai-208,10.0.0.208
openpai-209,10.0.0.209
openpai-210,10.0.0.210
openpai-211,10.0.0.211
openpai-212,10.0.0.212
openpai-213,10.0.0.213
openpai-214,10.0.0.214
openpai-215,10.0.0.215
openpai-216,10.0.0.216
openpai-217,10.0.0.217
openpai-218,10.0.0.218
openpai-219,10.0.0.219
openpai-220,10.0.0.220
openpai-221,10.0.0.221
openpai-222,10.0.0.222
openpai-223,10.0.0.223
openpai-224,10.0.0.224
openpai-225,10.0.0.225
openpai-226,10.0.0.226
openpai-227,10.0.0.227
openpai-228,10.0.0.228
openpai-229,10.0.0.229
openpai-230,10.0.0.230
openpai-231,10.0.0.231
openpai-232,10.0.0.232
openpai-233,10.0.0.233
openpai-234,10.0.0.234
openpai-235,10.0.0.235
openpai-236,10.0.0.236
openpai-237,10.0.0.237
openpai-238,10.0.0.238
openpai-239,10.0.0.239
openpai-240,10.0.0.240
openpai-241,10.0.0.241
openpai-242,10.0.0.242
openpai-243,10.0.0.243
openpai-244,10.0.0.244
openpai-245,10.0.0.245
openpai-246,10.0.0.246
openpai-247,10.0.0.247
openpai-248,10.0.0.248
openpai-249,10.0.0.249
openpai-250,10.0.0.250
openpai-251,10.0.0.251
openpai-252,10.0.0.252
openpai-253,10.0.0.253
openpai-254,10.0.0.254
